DateKey,Date,CalendarYear,Quarter,MonthNumber,MonthName
20260101,2026-01-01,2026,Q1,1,January
20260201,2026-02-01,2026,Q1,2,February
20260301,2026-03-01,2026,Q1,3,March
20260401,2026-04-01,2026,Q2,4,April
20260501,2026-05-01,2026,Q2,5,May
20260601,2026-06-01,2026,Q2,6,June
20260701,2026-07-01,2026,Q3,7,July
20260801,2026-08-01,2026,Q3,8,August
20260901,2026-09-01,2026,Q3,9,September
20261001,2026-10-01,2026,Q4,10,October
20261101,2026-11-01,2026,Q4,11,November
20261201,2026-12-01,2026,Q4,12,December
