PolicySaleKey,PolicyNumber,SaleDateKey,AgentKey,CustomerKey,ProductKey,CarrierKey,AnnualPremium,CoverageAmount,CommissionAmount,PolicyStatus,TransactionType
1,POL-260001,20260101,1,1,1,1,1200.00,250000.00,180.00,Active,New
2,POL-260002,20260201,2,2,2,2,1750.00,180000.00,262.50,Active,New
3,POL-260003,20260301,3,3,3,3,950.00,500000.00,142.50,Active,New
4,POL-260004,20260401,4,4,4,4,2200.00,150000.00,330.00,Active,New
5,POL-260005,20260501,5,5,5,5,1450.00,1000000.00,217.50,Active,Renewal
6,POL-260006,20260601,1,2,3,4,1200.00,500000.00,180.00,Active,New
7,POL-260007,20260701,2,3,4,5,1750.00,150000.00,262.50,Active,New
8,POL-260008,20260801,3,4,5,1,950.00,1000000.00,142.50,Active,New
9,POL-260009,20260901,4,5,1,2,2200.00,250000.00,330.00,Active,New
10,POL-260010,20261001,5,1,2,3,1450.00,180000.00,217.50,Active,Renewal
11,POL-260011,20261101,1,3,5,2,1200.00,1000000.00,180.00,Active,New
12,POL-260012,20261201,2,4,1,3,1750.00,250000.00,262.50,Active,New
13,POL-260013,20260101,3,5,2,4,950.00,180000.00,142.50,Active,New
14,POL-260014,20260201,4,1,3,5,2200.00,500000.00,330.00,Active,New
15,POL-260015,20260301,5,2,4,1,1450.00,150000.00,217.50,Active,Renewal
16,POL-260016,20260401,1,4,2,5,1200.00,180000.00,180.00,Active,New
17,POL-260017,20260501,2,5,3,1,1750.00,500000.00,262.50,Active,New
18,POL-260018,20260601,3,1,4,2,950.00,150000.00,142.50,Active,New
19,POL-260019,20260701,4,2,5,3,2200.00,1000000.00,330.00,Active,New
20,POL-260020,20260801,5,3,1,4,1450.00,250000.00,217.50,Active,Renewal
21,POL-260021,20260901,1,5,4,3,1200.00,150000.00,180.00,Active,New
22,POL-260022,20261001,2,1,5,4,1750.00,1000000.00,262.50,Active,New
23,POL-260023,20261101,3,2,1,5,950.00,250000.00,142.50,Active,New
24,POL-260024,20261201,4,3,2,1,2200.00,180000.00,330.00,Active,New
25,POL-260025,20260101,5,4,3,2,1450.00,500000.00,217.50,Active,Renewal
26,POL-260026,20260201,1,1,1,1,1200.00,250000.00,180.00,Active,New
27,POL-260027,20260301,2,2,2,2,1750.00,180000.00,262.50,Active,New
28,POL-260028,20260401,3,3,3,3,950.00,500000.00,142.50,Active,New
29,POL-260029,20260501,4,4,4,4,2200.00,150000.00,330.00,Active,New
30,POL-260030,20260601,5,5,5,5,1450.00,1000000.00,217.50,Active,Renewal
31,POL-260031,20260701,1,2,3,4,1200.00,500000.00,180.00,Active,New
32,POL-260032,20260801,2,3,4,5,1750.00,150000.00,262.50,Active,New
33,POL-260033,20260901,3,4,5,1,950.00,1000000.00,142.50,Active,New
34,POL-260034,20261001,4,5,1,2,2200.00,250000.00,330.00,Active,New
35,POL-260035,20261101,5,1,2,3,1450.00,180000.00,217.50,Active,Renewal
36,POL-260036,20261201,1,3,5,2,1200.00,1000000.00,180.00,Active,New
37,POL-260037,20260101,2,4,1,3,1750.00,250000.00,262.50,Active,New
38,POL-260038,20260201,3,5,2,4,950.00,180000.00,142.50,Active,New
39,POL-260039,20260301,4,1,3,5,2200.00,500000.00,330.00,Active,New
40,POL-260040,20260401,5,2,4,1,1450.00,150000.00,217.50,Active,Renewal
41,POL-260041,20260501,1,4,2,5,1200.00,180000.00,180.00,Active,New
42,POL-260042,20260601,2,5,3,1,1750.00,500000.00,262.50,Active,New
43,POL-260043,20260701,3,1,4,2,950.00,150000.00,142.50,Active,New
44,POL-260044,20260801,4,2,5,3,2200.00,1000000.00,330.00,Active,New
45,POL-260045,20260901,5,3,1,4,1450.00,250000.00,217.50,Active,Renewal
46,POL-260046,20261001,1,5,4,3,1200.00,150000.00,180.00,Active,New
47,POL-260047,20261101,2,1,5,4,1750.00,1000000.00,262.50,Active,New
48,POL-260048,20261201,3,2,1,5,950.00,250000.00,142.50,Active,New
49,POL-260049,20260101,4,3,2,1,2200.00,180000.00,330.00,Active,New
50,POL-260050,20260201,5,4,3,2,1450.00,500000.00,217.50,Active,Renewal
